{
  "id": "d9d07786-7231-4a7d-8db9-8e3890ad938d",
  "name": "Model",
  "isOverridable": true,
  "entries": [
    {
      "value": "raccoon",
      "synonyms": [
        "raccoon",
        "SDI-AP3"
      ]
    },
    {
      "value": "koala",
      "synonyms": [
        "koala",
        "SDI-AP5"
      ]
    },
    {
      "value": "ursus",
      "synonyms": [
        "ursus",
        "SDI-AP5R"
      ]
    },
    {
      "value": "panda",
      "synonyms": [
        "panda",
        "SDI-130 Wifi"
      ]
    },
    {
      "value": "ewok",
      "synonyms": [
        "ewok",
        "SDI-330"
      ]
    },
    {
      "value": "grizzly",
      "synonyms": [
        "grizzly",
        "SDI-1030"
      ]
    },
    {
      "value": "cx570",
      "synonyms": [
        "cx570",
        "570-SD",
        "cx-570"
      ]
    },
    {
      "value": "cx770",
      "synonyms": [
        "cx770",
        "770-SD",
        "cx-770"
      ]
    },
    {
      "value": "cx3070",
      "synonyms": [
        "cx3070",
        "3070-SD",
        "cx-3070"
      ]
    },
    {
      "value": "aardvark",
      "synonyms": [
        "aardvark",
        "SDI-S12"
      ]
    },
    {
      "value": "sloth",
      "synonyms": [
        "sloth",
        "SDI-S24"
      ]
    },
    {
      "value": "kodiak",
      "synonyms": [
        "kodiak",
        "SDI-130"
      ]
    }
  ],
  "isEnum": false,
  "automatedExpansion": false
}