{
  "id": "64ca2200-8208-47a3-8cd0-c1d65b00adbe",
  "name": "SiteTypes",
  "isOverridable": true,
  "entries": [
    {
      "value": "plant",
      "synonyms": [
        "plant"
      ]
    },
    {
      "value": "branch",
      "synonyms": [
        "branch"
      ]
    },
    {
      "value": "headquarters",
      "synonyms": [
        "headquarter",
        "headquarters",
        "hq"
      ]
    },
    {
      "value": "shop",
      "synonyms": [
        "shop"
      ]
    },
    {
      "value": "boutique",
      "synonyms": [
        "boutique"
      ]
    },
    {
      "value": "site",
      "synonyms": [
        "site"
      ]
    },
    {
      "value": "office",
      "synonyms": [
        "office"
      ]
    },
    {
      "value": "mine",
      "synonyms": [
        "mine"
      ]
    },
    {
      "value": "warehouse",
      "synonyms": [
        "warehouse"
      ]
    },
    {
      "value": "plant",
      "synonyms": [
        "plant"
      ]
    },
    {
      "value": "head office",
      "synonyms": [
        "head office"
      ]
    },
    {
      "value": "station",
      "synonyms": [
        "station"
      ]
    },
    {
      "value": "depot",
      "synonyms": [
        "depot"
      ]
    },
    {
      "value": "store",
      "synonyms": [
        "store"
      ]
    }
  ],
  "isEnum": false,
  "automatedExpansion": false
}