{
  "id": "529141de-89af-45d3-ac51-2d6d793f8237",
  "name": "WANType",
  "isOverridable": true,
  "entries": [
    {
      "value": "Internet",
      "synonyms": [
        "Internet"
      ]
    },
    {
      "value": "MPLS",
      "synonyms": [
        "MPLS",
        "M P L S",
        "Multiprotocol Label Switching"
      ]
    },
    {
      "value": "VPN",
      "synonyms": [
        "VPN",
        "V P N",
        "Virtual Private Network"
      ]
    },
    {
      "value": "LTE",
      "synonyms": [
        "LTE",
        "Long-Term Evolution"
      ]
    },
    {
      "value": "RouteVPN",
      "synonyms": [
        "RouteVPN"
      ]
    }
  ],
  "isEnum": false,
  "automatedExpansion": false
}